territory_id,value,value_int
"1953","187027",
"1954","9868",
"1955","20975",
"1956","22145",
"1957","39675",
"1959","6778",
"1960","15099",
"1961","11222",
"1962","21086",
"1963","20376",
"1965","11238",
"1966","8177",
"1967","14336",
"1968","16020",
"1969","32754",
